uuid,owner_uuid,schedule_type,day_of_week,start_time,end_time,space_uuid
9e32d548-cd45-4472-8b68-8c874ad1e7b3,8728a798-202f-450f-888a-bf869a8b776c,course_base,monday,11:30,12:00,d96180fe-7402-44d1-a2e5-ebe6ae59138b
2c719570-da99-4fdc-ab5d-f771a27303df,8728a798-202f-450f-888a-bf869a8b776c,course_base,monday,12:00,12:30,d96180fe-7402-44d1-a2e5-ebe6ae59138b
3b222141-75be-4919-bf93-105be1b85b6b,8728a798-202f-450f-888a-bf869a8b776c,course_base,monday,12:30,13:00,d96180fe-7402-44d1-a2e5-ebe6ae59138b
66bf0aa5-1b52-4dcd-81cd-7f0d98f8b02f,8728a798-202f-450f-888a-bf869a8b776c,course_base,monday,13:00,13:30,d96180fe-7402-44d1-a2e5-ebe6ae59138b
5c57679d-75d3-4e19-9855-21743b5a0a4a,8728a798-202f-450f-888a-bf869a8b776c,course_base,monday,13:30,14:00,d96180fe-7402-44d1-a2e5-ebe6ae59138b
d56688a7-c13b-40bd-bf96-20dcf89d4ee8,8728a798-202f-450f-888a-bf869a8b776c,course_base,monday,14:00,14:30,d96180fe-7402-44d1-a2e5-ebe6ae59138b
3040d7b1-d822-4111-ba01-831b64e28cfa,8728a798-202f-450f-888a-bf869a8b776c,course_base,wednesday,11:30,12:00,d96180fe-7402-44d1-a2e5-ebe6ae59138b
674dabc1-52b3-4d79-9261-cd000913097c,8728a798-202f-450f-888a-bf869a8b776c,course_base,wednesday,12:00,12:30,d96180fe-7402-44d1-a2e5-ebe6ae59138b
e2fc1755-61b4-4395-b321-58273c1f1f7a,8728a798-202f-450f-888a-bf869a8b776c,course_base,wednesday,12:30,13:00,d96180fe-7402-44d1-a2e5-ebe6ae59138b
adbd0039-5f0e-429b-b798-dafe517da45b,8728a798-202f-450f-888a-bf869a8b776c,course_base,wednesday,13:00,13:30,d96180fe-7402-44d1-a2e5-ebe6ae59138b
9e823b80-efa4-4fe4-92eb-8ff876008c84,8728a798-202f-450f-888a-bf869a8b776c,course_base,friday,10:30,11:00,88740ccc-56d6-4f39-895a-d3e575377b9e
0963bc9b-7014-4ef7-9679-a15761d40022,8728a798-202f-450f-888a-bf869a8b776c,course_base,friday,11:00,11:30,88740ccc-56d6-4f39-895a-d3e575377b9e
01deee57-2686-497a-91bc-fafae85d5c5f,8728a798-202f-450f-888a-bf869a8b776c,course_base,friday,11:30,12:00,88740ccc-56d6-4f39-895a-d3e575377b9e
7a13b7d5-0b3d-47af-99f5-80fddb708328,8728a798-202f-450f-888a-bf869a8b776c,course_base,friday,12:00,12:30,88740ccc-56d6-4f39-895a-d3e575377b9e
f4e2b414-fe17-4e5b-9a60-05abbf6db184,8728a798-202f-450f-888a-bf869a8b776c,course_base,friday,12:30,13:00,88740ccc-56d6-4f39-895a-d3e575377b9e
15d00fdb-4237-4c71-9b3a-50749fe14e58,8728a798-202f-450f-888a-bf869a8b776c,course_base,friday,13:00,13:30,88740ccc-56d6-4f39-895a-d3e575377b9e
1b9bcda6-fb88-49e4-8431-7b9be209a663,2cec3a12-d288-4fb2-834d-ddd6905904e2,coursegroup_override,monday,08:30,09:00,d1c80479-1b36-4cf0-bdc0-8b269c73ffdd
73706820-74f1-43f7-abdb-25febd476d5a,2cec3a12-d288-4fb2-834d-ddd6905904e2,coursegroup_override,monday,09:00,09:30,d1c80479-1b36-4cf0-bdc0-8b269c73ffdd
a0a31640-3b42-41ca-862a-a6f0bd6c44d7,2cec3a12-d288-4fb2-834d-ddd6905904e2,coursegroup_override,monday,09:30,10:00,d1c80479-1b36-4cf0-bdc0-8b269c73ffdd
3f00aafa-0ec1-4768-93ea-87d9b31a9613,2cec3a12-d288-4fb2-834d-ddd6905904e2,coursegroup_override,monday,10:00,10:30,d1c80479-1b36-4cf0-bdc0-8b269c73ffdd
7710186c-b272-4033-9724-9f7855622a2f,2cec3a12-d288-4fb2-834d-ddd6905904e2,coursegroup_override,tuesday,12:30,13:00,da000ef4-a905-4659-b1cf-00619b03281b
fc8a6adf-a8ca-4ad4-9c21-fa9853a9a866,2cec3a12-d288-4fb2-834d-ddd6905904e2,coursegroup_override,tuesday,13:00,13:30,da000ef4-a905-4659-b1cf-00619b03281b
43dedae0-332f-45b0-b7a6-0a1e6fbc5f91,2cec3a12-d288-4fb2-834d-ddd6905904e2,coursegroup_override,tuesday,13:30,14:00,da000ef4-a905-4659-b1cf-00619b03281b
2abe783d-5cb6-4793-98f9-eea2e91e301a,2cec3a12-d288-4fb2-834d-ddd6905904e2,coursegroup_override,tuesday,14:00,14:30,da000ef4-a905-4659-b1cf-00619b03281b
1bb5a124-fb11-4709-b8ea-770645e67c88,2cec3a12-d288-4fb2-834d-ddd6905904e2,coursegroup_override,wednesday,08:30,09:00,a4424b7f-869c-447b-a8eb-b230cd51126c
a885afc5-f99d-4907-8fcc-eb6dec2dbc57,2cec3a12-d288-4fb2-834d-ddd6905904e2,coursegroup_override,wednesday,09:00,09:30,a4424b7f-869c-447b-a8eb-b230cd51126c
ff03e6e2-0361-4067-bfa1-dedd7b272273,2cec3a12-d288-4fb2-834d-ddd6905904e2,coursegroup_override,wednesday,09:30,10:00,a4424b7f-869c-447b-a8eb-b230cd51126c
65b35a09-8086-4d45-93e9-1d7b428a48a8,2cec3a12-d288-4fb2-834d-ddd6905904e2,coursegroup_override,wednesday,10:00,10:30,a4424b7f-869c-447b-a8eb-b230cd51126c
93bd555b-29c6-4785-8364-86989cb4caca,2cec3a12-d288-4fb2-834d-ddd6905904e2,coursegroup_override,wednesday,10:30,11:00,a4424b7f-869c-447b-a8eb-b230cd51126c
6c8fdefb-652a-490f-b63a-0b02ea034d11,2cec3a12-d288-4fb2-834d-ddd6905904e2,coursegroup_override,wednesday,11:00,11:30,a4424b7f-869c-447b-a8eb-b230cd51126c
d85fbe6d-0d90-404d-baea-4bcb12f184b2,2cec3a12-d288-4fb2-834d-ddd6905904e2,coursegroup_override,wednesday,13:30,14:00,da000ef4-a905-4659-b1cf-00619b03281b
6d12067b-0993-4ea3-99f7-ef5da7e0437b,2cec3a12-d288-4fb2-834d-ddd6905904e2,coursegroup_override,wednesday,14:00,14:30,da000ef4-a905-4659-b1cf-00619b03281b
b807764d-136a-4afe-b272-6787808fdfe7,2cec3a12-d288-4fb2-834d-ddd6905904e2,coursegroup_override,thursday,10:30,11:00,621115d9-af05-480e-88d6-2054cda59426
0df10906-dc09-430e-ab0f-21d9ec181f6a,2cec3a12-d288-4fb2-834d-ddd6905904e2,coursegroup_override,thursday,11:00,11:30,621115d9-af05-480e-88d6-2054cda59426
cb4b660b-e646-41b2-ab94-df057dd8da81,2cec3a12-d288-4fb2-834d-ddd6905904e2,coursegroup_override,thursday,11:30,12:00,621115d9-af05-480e-88d6-2054cda59426
3159d41c-bee8-4c89-9f80-f2dfc3e3c29e,2cec3a12-d288-4fb2-834d-ddd6905904e2,coursegroup_override,thursday,12:00,12:30,621115d9-af05-480e-88d6-2054cda59426
93bef4f4-558f-4d15-9d8e-f7473ef1cf9b,2cec3a12-d288-4fb2-834d-ddd6905904e2,coursegroup_override,friday,13:30,14:00,88740ccc-56d6-4f39-895a-d3e575377b9e
84e69a3f-25f7-42e6-be1d-7f3a634c53d6,2cec3a12-d288-4fb2-834d-ddd6905904e2,coursegroup_override,friday,14:00,14:30,88740ccc-56d6-4f39-895a-d3e575377b9e
7fc97904-38cc-4483-8a11-9c519563c2d0,3ac97f53-868d-40c3-84f8-b14f8068be7d,coursegroup_override,monday,15:00,15:30,2a600a64-cbb6-4f23-ae2a-6b045b08e650
d3f69d83-27f0-4555-b7de-3a7a844a30fe,3ac97f53-868d-40c3-84f8-b14f8068be7d,coursegroup_override,monday,15:30,16:00,2a600a64-cbb6-4f23-ae2a-6b045b08e650
17c2af0d-3a61-4622-a15f-e132fa3c5dc6,3ac97f53-868d-40c3-84f8-b14f8068be7d,coursegroup_override,monday,16:00,16:30,2a600a64-cbb6-4f23-ae2a-6b045b08e650
5418eca5-e6dd-48c1-915d-bea02db318fb,3ac97f53-868d-40c3-84f8-b14f8068be7d,coursegroup_override,monday,16:30,17:00,2a600a64-cbb6-4f23-ae2a-6b045b08e650
7c897221-543d-4aff-9328-296e62f68f01,3ac97f53-868d-40c3-84f8-b14f8068be7d,coursegroup_override,tuesday,10:30,11:00,da000ef4-a905-4659-b1cf-00619b03281b
5d08240b-db4e-4428-a8b0-f8029f3152a0,3ac97f53-868d-40c3-84f8-b14f8068be7d,coursegroup_override,tuesday,11:00,11:30,da000ef4-a905-4659-b1cf-00619b03281b
68c5a6c2-ce57-4e38-9f6d-a58cf0575053,3ac97f53-868d-40c3-84f8-b14f8068be7d,coursegroup_override,tuesday,11:30,12:00,da000ef4-a905-4659-b1cf-00619b03281b
548d80b5-0011-4bd3-b2b1-68be027831ed,3ac97f53-868d-40c3-84f8-b14f8068be7d,coursegroup_override,tuesday,12:00,12:30,da000ef4-a905-4659-b1cf-00619b03281b
e4afd5db-ccca-407a-82dc-b3d7ed89d3ed,3ac97f53-868d-40c3-84f8-b14f8068be7d,coursegroup_override,wednesday,13:30,14:00,88740ccc-56d6-4f39-895a-d3e575377b9e
6904281a-2e08-4a27-93f5-cafa73067531,3ac97f53-868d-40c3-84f8-b14f8068be7d,coursegroup_override,wednesday,14:00,14:30,88740ccc-56d6-4f39-895a-d3e575377b9e
2299aeb1-1c3e-4797-954e-374f1d7af08d,3ac97f53-868d-40c3-84f8-b14f8068be7d,coursegroup_override,wednesday,15:00,15:30,a4424b7f-869c-447b-a8eb-b230cd51126c
aa381ba9-baae-40c8-b8db-cee5fd8ae126,3ac97f53-868d-40c3-84f8-b14f8068be7d,coursegroup_override,wednesday,15:30,16:00,a4424b7f-869c-447b-a8eb-b230cd51126c
f1da5f40-beec-4a4a-8d26-48f8a52a23c4,3ac97f53-868d-40c3-84f8-b14f8068be7d,coursegroup_override,wednesday,16:00,16:30,a4424b7f-869c-447b-a8eb-b230cd51126c
b4eba85b-2de5-4895-853c-2204fd1bd1b7,3ac97f53-868d-40c3-84f8-b14f8068be7d,coursegroup_override,wednesday,16:30,17:00,a4424b7f-869c-447b-a8eb-b230cd51126c
4e90e835-f38e-4578-93e2-1c31db90cf21,3ac97f53-868d-40c3-84f8-b14f8068be7d,coursegroup_override,wednesday,17:00,17:30,a4424b7f-869c-447b-a8eb-b230cd51126c
669d2884-f4e1-4b24-a947-fcd6a031f7e4,3ac97f53-868d-40c3-84f8-b14f8068be7d,coursegroup_override,wednesday,17:30,18:00,a4424b7f-869c-447b-a8eb-b230cd51126c
d45ac91e-bd0d-4749-859e-7ac918c5c21f,3ac97f53-868d-40c3-84f8-b14f8068be7d,coursegroup_override,thursday,12:30,13:00,621115d9-af05-480e-88d6-2054cda59426
2a42b7df-35b6-4e8a-855a-4ca3bcd1ec40,3ac97f53-868d-40c3-84f8-b14f8068be7d,coursegroup_override,thursday,13:00,13:30,621115d9-af05-480e-88d6-2054cda59426
cdf527f0-eed7-4929-8aea-4b78b85fbd81,3ac97f53-868d-40c3-84f8-b14f8068be7d,coursegroup_override,thursday,13:30,14:00,621115d9-af05-480e-88d6-2054cda59426
f6a86944-3bae-4b3f-8771-b95499ae3976,3ac97f53-868d-40c3-84f8-b14f8068be7d,coursegroup_override,thursday,14:00,14:30,621115d9-af05-480e-88d6-2054cda59426
1ac2e8c4-1943-4f95-b24f-2f7f9c9c3714,3ac97f53-868d-40c3-84f8-b14f8068be7d,coursegroup_override,friday,13:30,14:00,da000ef4-a905-4659-b1cf-00619b03281b
bdb07052-6f48-409e-af26-d74e893abe55,3ac97f53-868d-40c3-84f8-b14f8068be7d,coursegroup_override,friday,14:00,14:30,da000ef4-a905-4659-b1cf-00619b03281b
b16e6be9-405c-4306-bdba-5816fe479e29,35e6a30b-7118-4e05-bd17-7840b45a3515,course_base,monday,08:30,09:00,f75f59ba-f54e-4e02-a118-a75615a9bd9d
1410e821-df75-43c1-a7fd-6b904f24c4c2,35e6a30b-7118-4e05-bd17-7840b45a3515,course_base,monday,09:00,09:30,f75f59ba-f54e-4e02-a118-a75615a9bd9d
85f2f4de-8119-43fa-866e-8cd2784e7165,35e6a30b-7118-4e05-bd17-7840b45a3515,course_base,monday,09:30,10:00,f75f59ba-f54e-4e02-a118-a75615a9bd9d
a905fb8c-d0d6-4588-92e7-d8f4f7c397d6,35e6a30b-7118-4e05-bd17-7840b45a3515,course_base,monday,10:00,10:30,f75f59ba-f54e-4e02-a118-a75615a9bd9d
18ca0cd6-b676-47a3-9716-bdf093c7b2cb,35e6a30b-7118-4e05-bd17-7840b45a3515,course_base,tuesday,08:30,09:00,36fe28fb-ce55-46fe-9c4a-1d76e39fce11
07dc746f-44e2-4f47-a421-14a5f11341f2,35e6a30b-7118-4e05-bd17-7840b45a3515,course_base,tuesday,09:00,09:30,36fe28fb-ce55-46fe-9c4a-1d76e39fce11
0e2a62ac-8da4-405c-8d31-a2fa6cecad15,35e6a30b-7118-4e05-bd17-7840b45a3515,course_base,tuesday,09:30,10:00,36fe28fb-ce55-46fe-9c4a-1d76e39fce11
abca9555-b7cc-4bc4-8435-67ffea8bf2d6,35e6a30b-7118-4e05-bd17-7840b45a3515,course_base,tuesday,10:00,10:30,36fe28fb-ce55-46fe-9c4a-1d76e39fce11
df6c6f23-e8d7-49ee-bc1a-b29cd2150b2e,35e6a30b-7118-4e05-bd17-7840b45a3515,course_base,tuesday,10:30,11:00,88740ccc-56d6-4f39-895a-d3e575377b9e
630e6011-3643-4c3f-ac62-e213efeda434,35e6a30b-7118-4e05-bd17-7840b45a3515,course_base,tuesday,11:00,11:30,88740ccc-56d6-4f39-895a-d3e575377b9e
74c9d384-8b38-49a3-8779-078bd14ebec1,35e6a30b-7118-4e05-bd17-7840b45a3515,course_base,tuesday,11:30,12:00,88740ccc-56d6-4f39-895a-d3e575377b9e
17ffbc73-aab2-42f1-a7f6-4d6e74d6aeb2,35e6a30b-7118-4e05-bd17-7840b45a3515,course_base,tuesday,12:00,12:30,88740ccc-56d6-4f39-895a-d3e575377b9e
f99f798c-d137-4306-b526-87b19a6186c7,35e6a30b-7118-4e05-bd17-7840b45a3515,course_base,wednesday,10:30,11:00,88740ccc-56d6-4f39-895a-d3e575377b9e
df8242fd-92f2-4bb1-8030-11f62a61e2a2,35e6a30b-7118-4e05-bd17-7840b45a3515,course_base,wednesday,11:00,11:30,88740ccc-56d6-4f39-895a-d3e575377b9e
d94739fe-ff01-4e40-a054-9ac8accaa7be,35e6a30b-7118-4e05-bd17-7840b45a3515,course_base,wednesday,11:30,12:00,88740ccc-56d6-4f39-895a-d3e575377b9e
c6347e73-cfda-45e1-ae4e-ad8cbb242e82,35e6a30b-7118-4e05-bd17-7840b45a3515,course_base,wednesday,12:00,12:30,88740ccc-56d6-4f39-895a-d3e575377b9e
77d72611-0a1d-43c0-a1bf-59b1c518ffc2,35e6a30b-7118-4e05-bd17-7840b45a3515,course_base,thursday,10:30,11:00,88740ccc-56d6-4f39-895a-d3e575377b9e
5b366803-f412-4546-ba7e-6ce9137dab86,35e6a30b-7118-4e05-bd17-7840b45a3515,course_base,thursday,11:00,11:30,88740ccc-56d6-4f39-895a-d3e575377b9e
ca8d361e-7d90-4455-8863-113870e0543b,35e6a30b-7118-4e05-bd17-7840b45a3515,course_base,thursday,11:30,12:00,88740ccc-56d6-4f39-895a-d3e575377b9e
422ff467-ff7c-4d2f-bc27-b95efb89c6a2,35e6a30b-7118-4e05-bd17-7840b45a3515,course_base,thursday,12:00,12:30,88740ccc-56d6-4f39-895a-d3e575377b9e
50aa6dce-08b0-4480-a132-c4f06aa9cb3e,35e6a30b-7118-4e05-bd17-7840b45a3515,course_base,friday,08:30,09:00,36fe28fb-ce55-46fe-9c4a-1d76e39fce11
6ca35a40-d384-4981-9469-f4d4d35e1aab,35e6a30b-7118-4e05-bd17-7840b45a3515,course_base,friday,09:00,09:30,36fe28fb-ce55-46fe-9c4a-1d76e39fce11
56a6bd8e-3df4-446e-8f60-ee2b257b0d08,35e6a30b-7118-4e05-bd17-7840b45a3515,course_base,friday,09:30,10:00,36fe28fb-ce55-46fe-9c4a-1d76e39fce11
5392898e-ac58-4d62-b1ff-8e8e9a6b763a,35e6a30b-7118-4e05-bd17-7840b45a3515,course_base,friday,10:00,10:30,36fe28fb-ce55-46fe-9c4a-1d76e39fce11
acb906ea-69c5-43d7-a5a4-4d515bf2a386,f51bee74-2656-4af6-afc2-71b2d6987e17,coursegroup_override,monday,10:30,11:00,14f7dd87-cffc-4edd-9ef1-7c8b1a1203a1
30240b9d-14d3-48a9-924d-ccaae55495ed,f51bee74-2656-4af6-afc2-71b2d6987e17,coursegroup_override,monday,11:00,11:30,14f7dd87-cffc-4edd-9ef1-7c8b1a1203a1
0e9f3e26-38f1-47c5-8294-03cc99a72859,f51bee74-2656-4af6-afc2-71b2d6987e17,coursegroup_override,monday,11:30,12:00,14f7dd87-cffc-4edd-9ef1-7c8b1a1203a1
e4c6ddf0-482a-4ac4-aa20-4b16d874e222,f51bee74-2656-4af6-afc2-71b2d6987e17,coursegroup_override,monday,12:00,12:30,14f7dd87-cffc-4edd-9ef1-7c8b1a1203a1
13648516-5067-4348-a6c0-3d00e29f06f5,f51bee74-2656-4af6-afc2-71b2d6987e17,coursegroup_override,tuesday,12:30,13:00,88740ccc-56d6-4f39-895a-d3e575377b9e
0074ed96-47b0-439f-b3ea-c559b953f946,f51bee74-2656-4af6-afc2-71b2d6987e17,coursegroup_override,tuesday,13:00,13:30,88740ccc-56d6-4f39-895a-d3e575377b9e
8f3c0182-9ff4-4881-ac4e-4e9922bd91e2,f51bee74-2656-4af6-afc2-71b2d6987e17,coursegroup_override,wednesday,08:30,09:00,88740ccc-56d6-4f39-895a-d3e575377b9e
d6f39fbb-9a41-4858-a898-f26360a98625,f51bee74-2656-4af6-afc2-71b2d6987e17,coursegroup_override,wednesday,09:00,09:30,88740ccc-56d6-4f39-895a-d3e575377b9e
3114c470-e547-4f05-bcb6-3eb5019a204c,f51bee74-2656-4af6-afc2-71b2d6987e17,coursegroup_override,friday,10:30,11:00,14f7dd87-cffc-4edd-9ef1-7c8b1a1203a1
a2ba8d59-ba4b-4ffb-b06b-ef2c2d2fe571,f51bee74-2656-4af6-afc2-71b2d6987e17,coursegroup_override,friday,11:00,11:30,14f7dd87-cffc-4edd-9ef1-7c8b1a1203a1
cb770222-339b-4fe6-a6e3-af56ea242df9,f51bee74-2656-4af6-afc2-71b2d6987e17,coursegroup_override,friday,11:30,12:00,14f7dd87-cffc-4edd-9ef1-7c8b1a1203a1
b8de5ed2-df21-4311-8274-95bba7ebac78,f51bee74-2656-4af6-afc2-71b2d6987e17,coursegroup_override,friday,12:00,12:30,14f7dd87-cffc-4edd-9ef1-7c8b1a1203a1
caf7ce6d-1b72-4d33-8b94-ea899f86a708,6129161a-01bb-4a36-87aa-b489fffe1647,coursegroup_override,monday,10:30,11:00,5ebb295b-b6ae-443c-8b58-fa531a817c72
b2def34d-0b40-4625-a89d-da27b9af74dd,6129161a-01bb-4a36-87aa-b489fffe1647,coursegroup_override,monday,11:00,11:30,5ebb295b-b6ae-443c-8b58-fa531a817c72
4f028798-8724-49e5-b08f-561dc3d93fdc,6129161a-01bb-4a36-87aa-b489fffe1647,coursegroup_override,monday,11:30,12:00,5ebb295b-b6ae-443c-8b58-fa531a817c72
f213e268-eaaa-4f13-a4ae-85fc4a092fa2,6129161a-01bb-4a36-87aa-b489fffe1647,coursegroup_override,monday,12:00,12:30,5ebb295b-b6ae-443c-8b58-fa531a817c72
5dcfb52c-6ac5-447e-b601-5a59f724c5f1,6129161a-01bb-4a36-87aa-b489fffe1647,coursegroup_override,tuesday,13:30,14:00,88740ccc-56d6-4f39-895a-d3e575377b9e
0dcbbda6-ed1d-490e-a0d0-8c73b01de905,6129161a-01bb-4a36-87aa-b489fffe1647,coursegroup_override,tuesday,14:00,14:30,88740ccc-56d6-4f39-895a-d3e575377b9e
f94d0e5c-4619-4687-896e-e6d0779ae9dd,6129161a-01bb-4a36-87aa-b489fffe1647,coursegroup_override,wednesday,09:30,10:00,88740ccc-56d6-4f39-895a-d3e575377b9e
925c1793-3f9f-4e9a-b0a8-d9bb2754f830,6129161a-01bb-4a36-87aa-b489fffe1647,coursegroup_override,wednesday,10:00,10:30,88740ccc-56d6-4f39-895a-d3e575377b9e
bfd41c5e-2438-4125-b936-698ade2cc82b,6129161a-01bb-4a36-87aa-b489fffe1647,coursegroup_override,friday,10:30,11:00,5ebb295b-b6ae-443c-8b58-fa531a817c72
36c100a8-b948-460d-a6f3-a1e24c779ee1,6129161a-01bb-4a36-87aa-b489fffe1647,coursegroup_override,friday,11:00,11:30,5ebb295b-b6ae-443c-8b58-fa531a817c72
aedfc61b-40fa-4edf-a4a8-2739d7daf353,6129161a-01bb-4a36-87aa-b489fffe1647,coursegroup_override,friday,11:30,12:00,5ebb295b-b6ae-443c-8b58-fa531a817c72
3f83c01b-12a5-4b76-bec9-62b5df8ea977,6129161a-01bb-4a36-87aa-b489fffe1647,coursegroup_override,friday,12:00,12:30,5ebb295b-b6ae-443c-8b58-fa531a817c72
6db998fc-b9bc-4f14-a5fc-ef52c5feb474,42d96335-1d52-4922-aeb9-15ebe9409b98,course_base,monday,15:00,15:30,d1c80479-1b36-4cf0-bdc0-8b269c73ffdd
1efb8ab5-c777-4bf2-8559-9c3f8d3feb10,42d96335-1d52-4922-aeb9-15ebe9409b98,course_base,monday,15:30,16:00,d1c80479-1b36-4cf0-bdc0-8b269c73ffdd
e1611934-2f55-4c82-9828-97cbcf637c37,42d96335-1d52-4922-aeb9-15ebe9409b98,course_base,monday,16:00,16:30,d1c80479-1b36-4cf0-bdc0-8b269c73ffdd
c384503d-e77d-42fd-a2dc-e33a0f3ff476,42d96335-1d52-4922-aeb9-15ebe9409b98,course_base,monday,16:30,17:00,d1c80479-1b36-4cf0-bdc0-8b269c73ffdd
62541961-ced7-4005-ab0a-70714a4d31e3,42d96335-1d52-4922-aeb9-15ebe9409b98,course_base,tuesday,15:00,15:30,d1c80479-1b36-4cf0-bdc0-8b269c73ffdd
ffacce6b-12ac-494c-bbc1-444c19e7ddce,42d96335-1d52-4922-aeb9-15ebe9409b98,course_base,tuesday,15:30,16:00,d1c80479-1b36-4cf0-bdc0-8b269c73ffdd
8313efe4-a50d-49a5-8d9c-fde3d59c4940,42d96335-1d52-4922-aeb9-15ebe9409b98,course_base,tuesday,16:00,16:30,d1c80479-1b36-4cf0-bdc0-8b269c73ffdd
a2cbd067-bfb7-4938-a5fd-52adc721112f,42d96335-1d52-4922-aeb9-15ebe9409b98,course_base,tuesday,16:30,17:00,d1c80479-1b36-4cf0-bdc0-8b269c73ffdd
a030c114-dbf7-4e4c-92e9-a1f8a19a9cb9,42d96335-1d52-4922-aeb9-15ebe9409b98,course_base,tuesday,17:00,17:30,d1c80479-1b36-4cf0-bdc0-8b269c73ffdd
7dc98ec7-e7ce-4ab5-beb2-72c1774115f1,42d96335-1d52-4922-aeb9-15ebe9409b98,course_base,tuesday,17:30,18:00,d1c80479-1b36-4cf0-bdc0-8b269c73ffdd
c88fd5f6-ce00-474e-af0c-1a17fe91c7d2,42d96335-1d52-4922-aeb9-15ebe9409b98,course_base,tuesday,18:00,18:30,d1c80479-1b36-4cf0-bdc0-8b269c73ffdd
361937cb-33a3-4d56-a3e5-7be868f4f394,42d96335-1d52-4922-aeb9-15ebe9409b98,course_base,tuesday,18:30,19:00,d1c80479-1b36-4cf0-bdc0-8b269c73ffdd
54fa5057-cefa-4d7e-99e5-e2d9b43f5bfb,42d96335-1d52-4922-aeb9-15ebe9409b98,course_base,wednesday,17:00,17:30,d1c80479-1b36-4cf0-bdc0-8b269c73ffdd
48e56e9d-3a61-4900-a180-240fb9966b79,42d96335-1d52-4922-aeb9-15ebe9409b98,course_base,wednesday,17:30,18:00,d1c80479-1b36-4cf0-bdc0-8b269c73ffdd
75f94b78-d9eb-481b-bb4b-f7cdfe2d8ed0,42d96335-1d52-4922-aeb9-15ebe9409b98,course_base,wednesday,18:00,18:30,d1c80479-1b36-4cf0-bdc0-8b269c73ffdd
8c0b5733-6591-4069-835a-774c6a83acc6,42d96335-1d52-4922-aeb9-15ebe9409b98,course_base,wednesday,18:30,19:00,d1c80479-1b36-4cf0-bdc0-8b269c73ffdd
e8796dc1-cf5b-4c2a-9928-6ca0c19dca0c,42d96335-1d52-4922-aeb9-15ebe9409b98,course_base,thursday,15:00,15:30,d1c80479-1b36-4cf0-bdc0-8b269c73ffdd
ad72c85b-9a88-468d-9f92-04824aa77b98,42d96335-1d52-4922-aeb9-15ebe9409b98,course_base,thursday,15:30,16:00,d1c80479-1b36-4cf0-bdc0-8b269c73ffdd
ffaf59ca-78d8-4af4-b8d4-815e894fd1bd,42d96335-1d52-4922-aeb9-15ebe9409b98,course_base,thursday,16:00,16:30,d1c80479-1b36-4cf0-bdc0-8b269c73ffdd
ef74ac5d-40c7-44e9-bd53-f09f1c079365,42d96335-1d52-4922-aeb9-15ebe9409b98,course_base,thursday,16:30,17:00,d1c80479-1b36-4cf0-bdc0-8b269c73ffdd
c2129885-c251-4e56-93a3-be0ef4cf40ef,42d96335-1d52-4922-aeb9-15ebe9409b98,course_base,thursday,17:00,17:30,d1c80479-1b36-4cf0-bdc0-8b269c73ffdd
385dbe4b-7298-4496-b950-b6c56f1b60b9,42d96335-1d52-4922-aeb9-15ebe9409b98,course_base,thursday,17:30,18:00,d1c80479-1b36-4cf0-bdc0-8b269c73ffdd
25855609-ca30-4937-b31d-9141107f6751,42d96335-1d52-4922-aeb9-15ebe9409b98,course_base,thursday,18:00,18:30,d1c80479-1b36-4cf0-bdc0-8b269c73ffdd
073a1323-0f13-49d5-a3ce-3314c6561538,42d96335-1d52-4922-aeb9-15ebe9409b98,course_base,thursday,18:30,19:00,d1c80479-1b36-4cf0-bdc0-8b269c73ffdd
e23796dc-0cb8-4a62-985b-89a3fa21b1b6,42d96335-1d52-4922-aeb9-15ebe9409b98,course_base,friday,15:00,15:30,d1c80479-1b36-4cf0-bdc0-8b269c73ffdd
3a848544-4e64-40e4-a5be-7a865101e722,42d96335-1d52-4922-aeb9-15ebe9409b98,course_base,friday,15:30,16:00,d1c80479-1b36-4cf0-bdc0-8b269c73ffdd
4883a814-40ec-4c31-850e-448351f80a27,42d96335-1d52-4922-aeb9-15ebe9409b98,course_base,friday,16:00,16:30,d1c80479-1b36-4cf0-bdc0-8b269c73ffdd
3110e667-b8a3-42bd-bc46-f85171735af0,42d96335-1d52-4922-aeb9-15ebe9409b98,course_base,friday,16:30,17:00,d1c80479-1b36-4cf0-bdc0-8b269c73ffdd
b803fbed-9a28-4c80-a49f-be2af04b99d3,4ae3964b-e2ac-46d3-bf50-b222fdfd8a23,coursegroup_override,monday,17:00,17:30,14f7dd87-cffc-4edd-9ef1-7c8b1a1203a1
11e021a3-1723-41b5-a7f8-190b0d86ff0f,4ae3964b-e2ac-46d3-bf50-b222fdfd8a23,coursegroup_override,monday,17:30,18:00,14f7dd87-cffc-4edd-9ef1-7c8b1a1203a1
b32cafdf-65c0-4fe0-85db-66e4ddba252b,4ae3964b-e2ac-46d3-bf50-b222fdfd8a23,coursegroup_override,monday,18:00,18:30,14f7dd87-cffc-4edd-9ef1-7c8b1a1203a1
a986e3c1-7358-41e6-9298-e4ee1e85fd70,4ae3964b-e2ac-46d3-bf50-b222fdfd8a23,coursegroup_override,monday,18:30,19:00,14f7dd87-cffc-4edd-9ef1-7c8b1a1203a1
b3686cb8-736e-476f-aaa6-f7a381e6ab7e,4ae3964b-e2ac-46d3-bf50-b222fdfd8a23,coursegroup_override,friday,17:00,17:30,14f7dd87-cffc-4edd-9ef1-7c8b1a1203a1
3884b0b6-0ac4-4dd1-9c9c-4d6ea99d29d7,4ae3964b-e2ac-46d3-bf50-b222fdfd8a23,coursegroup_override,friday,17:30,18:00,14f7dd87-cffc-4edd-9ef1-7c8b1a1203a1
fcb1f09b-3a17-46a5-8845-8fe9539ef034,4ae3964b-e2ac-46d3-bf50-b222fdfd8a23,coursegroup_override,friday,18:00,18:30,14f7dd87-cffc-4edd-9ef1-7c8b1a1203a1
ba54af50-2f2d-49dd-a4d9-1587f0a22820,4ae3964b-e2ac-46d3-bf50-b222fdfd8a23,coursegroup_override,friday,18:30,19:00,14f7dd87-cffc-4edd-9ef1-7c8b1a1203a1
6b520c7c-2a3e-4708-8b9a-45b39b28f4d5,f2ae7ffc-17fc-477e-915f-2129879e214d,coursegroup_override,monday,17:00,17:30,da000ef4-a905-4659-b1cf-00619b03281b
bdf2f38e-cac1-4d59-8f49-eb3f20b58a27,f2ae7ffc-17fc-477e-915f-2129879e214d,coursegroup_override,monday,17:30,18:00,da000ef4-a905-4659-b1cf-00619b03281b
c4b1001b-6274-44f8-a1ba-88fd4017289f,f2ae7ffc-17fc-477e-915f-2129879e214d,coursegroup_override,monday,18:00,18:30,da000ef4-a905-4659-b1cf-00619b03281b
cb18047b-0f26-47e1-8abb-b5aac5f411af,f2ae7ffc-17fc-477e-915f-2129879e214d,coursegroup_override,monday,18:30,19:00,da000ef4-a905-4659-b1cf-00619b03281b
dc5f6f4d-003f-48d1-a9dc-938c156e4277,f2ae7ffc-17fc-477e-915f-2129879e214d,coursegroup_override,friday,17:00,17:30,da000ef4-a905-4659-b1cf-00619b03281b
477184c2-6316-47e3-8497-1579e9e35afe,f2ae7ffc-17fc-477e-915f-2129879e214d,coursegroup_override,friday,17:30,18:00,da000ef4-a905-4659-b1cf-00619b03281b
3763da7c-885a-4c70-be18-70bd9e5f0da0,f2ae7ffc-17fc-477e-915f-2129879e214d,coursegroup_override,friday,18:00,18:30,da000ef4-a905-4659-b1cf-00619b03281b
395890bf-72d4-4774-b775-d17532944ad7,f2ae7ffc-17fc-477e-915f-2129879e214d,coursegroup_override,friday,18:30,19:00,da000ef4-a905-4659-b1cf-00619b03281b
0de52c79-db45-4c63-8426-b215a2259365,0fec8093-e1c4-402f-9345-1af4c3faeb79,coursegroup_override,monday,08:30,09:00,14f7dd87-cffc-4edd-9ef1-7c8b1a1203a1
8d4be561-b534-40fb-83c7-110c2d89deed,0fec8093-e1c4-402f-9345-1af4c3faeb79,coursegroup_override,monday,09:00,09:30,14f7dd87-cffc-4edd-9ef1-7c8b1a1203a1
936963b0-9eee-4b20-a6d2-d4fff8e12834,0fec8093-e1c4-402f-9345-1af4c3faeb79,coursegroup_override,monday,09:30,10:00,14f7dd87-cffc-4edd-9ef1-7c8b1a1203a1
11a01686-643a-4dc7-b96c-49ae3a876d57,0fec8093-e1c4-402f-9345-1af4c3faeb79,coursegroup_override,monday,10:00,10:30,14f7dd87-cffc-4edd-9ef1-7c8b1a1203a1
45df1e2b-905e-4be6-9c8b-6dd02d9ed42c,0fec8093-e1c4-402f-9345-1af4c3faeb79,coursegroup_override,monday,10:30,11:00,14f7dd87-cffc-4edd-9ef1-7c8b1a1203a1
72033cc8-b416-43d1-ab8a-0ef9ce225e5a,0fec8093-e1c4-402f-9345-1af4c3faeb79,coursegroup_override,monday,11:00,11:30,14f7dd87-cffc-4edd-9ef1-7c8b1a1203a1
fd9ea62b-9cf3-4c5c-a484-f3c8dc2e7a7c,0fec8093-e1c4-402f-9345-1af4c3faeb79,coursegroup_override,tuesday,12:30,13:00,5ebb295b-b6ae-443c-8b58-fa531a817c72
90033456-3731-4970-9c37-c65e43eee3a3,0fec8093-e1c4-402f-9345-1af4c3faeb79,coursegroup_override,tuesday,13:00,13:30,5ebb295b-b6ae-443c-8b58-fa531a817c72
c7e68974-6a33-418e-8b84-c5b1edbec28d,0fec8093-e1c4-402f-9345-1af4c3faeb79,coursegroup_override,tuesday,13:30,14:00,5ebb295b-b6ae-443c-8b58-fa531a817c72
99f237f4-344f-4da5-a58f-1745ecff1bcb,0fec8093-e1c4-402f-9345-1af4c3faeb79,coursegroup_override,tuesday,14:00,14:30,5ebb295b-b6ae-443c-8b58-fa531a817c72
867435ae-d6a7-45f3-b98c-34c83499fc46,0fec8093-e1c4-402f-9345-1af4c3faeb79,coursegroup_override,tuesday,15:00,15:30,867d1307-b041-4323-bc5a-4b1eae6d2c64
4672ac79-a367-4c4e-86e8-d3e77371d2a8,0fec8093-e1c4-402f-9345-1af4c3faeb79,coursegroup_override,tuesday,15:30,16:00,867d1307-b041-4323-bc5a-4b1eae6d2c64
31c4c16c-8625-43ab-af3e-fcb2985c4534,0fec8093-e1c4-402f-9345-1af4c3faeb79,coursegroup_override,tuesday,16:00,16:30,867d1307-b041-4323-bc5a-4b1eae6d2c64
8e8e0721-2b99-4d31-9ac0-33d0142d357c,0fec8093-e1c4-402f-9345-1af4c3faeb79,coursegroup_override,tuesday,16:30,17:00,867d1307-b041-4323-bc5a-4b1eae6d2c64
21b759d8-b4cc-4239-9690-fbb0d4ce7a49,0fec8093-e1c4-402f-9345-1af4c3faeb79,coursegroup_override,thursday,15:00,15:30,867d1307-b041-4323-bc5a-4b1eae6d2c64
4e5b59ae-4a18-4976-a58b-d4640ef363b4,0fec8093-e1c4-402f-9345-1af4c3faeb79,coursegroup_override,thursday,15:30,16:00,867d1307-b041-4323-bc5a-4b1eae6d2c64
c31d3b53-a800-403f-9e1e-b1d71ec73599,0fec8093-e1c4-402f-9345-1af4c3faeb79,coursegroup_override,thursday,16:00,16:30,867d1307-b041-4323-bc5a-4b1eae6d2c64
5509c222-85ab-4d8c-8288-b12f2ac48c13,0fec8093-e1c4-402f-9345-1af4c3faeb79,coursegroup_override,thursday,16:30,17:00,867d1307-b041-4323-bc5a-4b1eae6d2c64
f99b0876-1df0-4566-8316-a2f0a11ba4d2,0fec8093-e1c4-402f-9345-1af4c3faeb79,coursegroup_override,thursday,17:00,17:30,867d1307-b041-4323-bc5a-4b1eae6d2c64
98b4c212-a26b-4936-854c-8d33e6377783,0fec8093-e1c4-402f-9345-1af4c3faeb79,coursegroup_override,thursday,17:30,18:00,867d1307-b041-4323-bc5a-4b1eae6d2c64
47a5ecde-b2ed-46bb-b6fb-5cd018d4f493,0fec8093-e1c4-402f-9345-1af4c3faeb79,coursegroup_override,friday,12:30,13:00,5ebb295b-b6ae-443c-8b58-fa531a817c72
78900300-e667-4e47-82a9-087e35c73c7b,0fec8093-e1c4-402f-9345-1af4c3faeb79,coursegroup_override,friday,13:00,13:30,5ebb295b-b6ae-443c-8b58-fa531a817c72
edd5b3cc-3c5b-4e45-9e58-8320ccb76ba1,0fec8093-e1c4-402f-9345-1af4c3faeb79,coursegroup_override,friday,13:30,14:00,5ebb295b-b6ae-443c-8b58-fa531a817c72
ad4a1b1e-1587-4208-9733-fe1410301e84,0fec8093-e1c4-402f-9345-1af4c3faeb79,coursegroup_override,friday,14:00,14:30,5ebb295b-b6ae-443c-8b58-fa531a817c72
6da53b1e-3531-49dd-91a7-6340ca36ea3a,8cc5be72-c8d8-4276-a9c9-a576ab930aed,coursegroup_override,monday,12:30,13:00,ea0a4ff4-c420-4411-86ab-a48d873af43a
974e8a6d-7fb1-4cda-9c76-7035e94f2ec1,8cc5be72-c8d8-4276-a9c9-a576ab930aed,coursegroup_override,monday,13:00,13:30,ea0a4ff4-c420-4411-86ab-a48d873af43a
e704fe0b-d8eb-40ee-8862-7bc079e5d4a0,8cc5be72-c8d8-4276-a9c9-a576ab930aed,coursegroup_override,monday,13:30,14:00,ea0a4ff4-c420-4411-86ab-a48d873af43a
c0720b3d-8346-46cf-8e51-b58824b174e2,8cc5be72-c8d8-4276-a9c9-a576ab930aed,coursegroup_override,monday,14:00,14:30,ea0a4ff4-c420-4411-86ab-a48d873af43a
abf6b5d5-670a-4874-9a42-1e92297e322c,8cc5be72-c8d8-4276-a9c9-a576ab930aed,coursegroup_override,monday,15:00,15:30,d1c80479-1b36-4cf0-bdc0-8b269c73ffdd
dc702f29-0466-4894-b340-0c207da211ed,8cc5be72-c8d8-4276-a9c9-a576ab930aed,coursegroup_override,monday,15:30,16:00,867d1307-b041-4323-bc5a-4b1eae6d2c64
be3d91fc-3bf3-4618-ba31-e4873bd9bc4b,8cc5be72-c8d8-4276-a9c9-a576ab930aed,coursegroup_override,monday,16:00,16:30,867d1307-b041-4323-bc5a-4b1eae6d2c64
4bd34650-889a-4b16-ad26-9cd9fc7b2ed3,8cc5be72-c8d8-4276-a9c9-a576ab930aed,coursegroup_override,monday,16:30,17:00,867d1307-b041-4323-bc5a-4b1eae6d2c64
b5fd0ebc-1aea-4ed1-9f21-c7b3a0a97a8a,8cc5be72-c8d8-4276-a9c9-a576ab930aed,coursegroup_override,tuesday,10:30,11:00,b44d6cd5-d8e9-4861-af60-2f52156909ed
17d7d779-6b18-4afb-8bec-0488db329257,8cc5be72-c8d8-4276-a9c9-a576ab930aed,coursegroup_override,tuesday,11:00,11:30,b44d6cd5-d8e9-4861-af60-2f52156909ed
5f944b17-21a1-48c7-bbd2-d1cded562092,8cc5be72-c8d8-4276-a9c9-a576ab930aed,coursegroup_override,tuesday,11:30,12:00,b44d6cd5-d8e9-4861-af60-2f52156909ed
e23e3ff4-5021-4869-8289-a927259f8468,8cc5be72-c8d8-4276-a9c9-a576ab930aed,coursegroup_override,tuesday,12:00,12:30,b44d6cd5-d8e9-4861-af60-2f52156909ed
01f704d9-2706-4232-9323-fae255725f1e,8cc5be72-c8d8-4276-a9c9-a576ab930aed,coursegroup_override,thursday,10:30,11:00,b44d6cd5-d8e9-4861-af60-2f52156909ed
e9f13339-95a3-4dc7-b4d7-5f128a6f9366,8cc5be72-c8d8-4276-a9c9-a576ab930aed,coursegroup_override,thursday,11:00,11:30,b44d6cd5-d8e9-4861-af60-2f52156909ed
5864ccc3-073c-4628-a802-fe38a60d953c,8cc5be72-c8d8-4276-a9c9-a576ab930aed,coursegroup_override,thursday,11:30,12:00,b44d6cd5-d8e9-4861-af60-2f52156909ed
b461edc2-47c1-4e30-af9c-2194df3dca41,8cc5be72-c8d8-4276-a9c9-a576ab930aed,coursegroup_override,thursday,12:00,12:30,b44d6cd5-d8e9-4861-af60-2f52156909ed
fbee3f72-16f6-49a8-a123-146bb86565ff,8cc5be72-c8d8-4276-a9c9-a576ab930aed,coursegroup_override,thursday,12:30,13:00,ea0a4ff4-c420-4411-86ab-a48d873af43a
cd6d3a98-998e-404e-8c93-c170a07b337a,8cc5be72-c8d8-4276-a9c9-a576ab930aed,coursegroup_override,thursday,13:00,13:30,ea0a4ff4-c420-4411-86ab-a48d873af43a
134d0f64-0ade-459a-b64e-7003068b5b49,8cc5be72-c8d8-4276-a9c9-a576ab930aed,coursegroup_override,thursday,13:30,14:00,ea0a4ff4-c420-4411-86ab-a48d873af43a
43f0e951-7f1b-4e39-adc7-b05f716a69ef,8cc5be72-c8d8-4276-a9c9-a576ab930aed,coursegroup_override,thursday,14:00,14:30,ea0a4ff4-c420-4411-86ab-a48d873af43a
8d3df7db-3305-46d8-bbff-3bf464757904,8cc5be72-c8d8-4276-a9c9-a576ab930aed,coursegroup_override,friday,15:00,15:30,d1c80479-1b36-4cf0-bdc0-8b269c73ffdd
21da1bbb-d0b8-458f-83af-6eca21358ffe,8cc5be72-c8d8-4276-a9c9-a576ab930aed,coursegroup_override,friday,15:30,16:00,d1c80479-1b36-4cf0-bdc0-8b269c73ffdd
bd118e8d-969d-4e78-bcbf-dd0a24ecd8c4,8cc5be72-c8d8-4276-a9c9-a576ab930aed,coursegroup_override,friday,16:00,16:30,d1c80479-1b36-4cf0-bdc0-8b269c73ffdd
2bba9310-a541-411e-8ca4-ae631f1c0a18,8cc5be72-c8d8-4276-a9c9-a576ab930aed,coursegroup_override,friday,16:30,17:00,d1c80479-1b36-4cf0-bdc0-8b269c73ffdd
ca005c90-6e07-4237-89e2-22cf7dd0c728,868466b3-8e14-45de-aa8e-00c99edc3563,course_base,wednesday,15:00,15:30,9719af5b-81f4-42f8-be52-46f0b810ed4c
fcfb07e4-3b66-442a-b23f-a6991b3ef8f3,868466b3-8e14-45de-aa8e-00c99edc3563,course_base,wednesday,15:30,16:00,9719af5b-81f4-42f8-be52-46f0b810ed4c
27fcbcc6-bad7-4a98-a83d-5da375322a54,868466b3-8e14-45de-aa8e-00c99edc3563,course_base,wednesday,16:00,16:30,9719af5b-81f4-42f8-be52-46f0b810ed4c
ab43a6dc-9508-43d5-b321-f90001ea9204,868466b3-8e14-45de-aa8e-00c99edc3563,course_base,wednesday,16:30,17:00,9719af5b-81f4-42f8-be52-46f0b810ed4c
d25e8e77-fdc4-46e0-b33d-be93ef85406d,868466b3-8e14-45de-aa8e-00c99edc3563,course_base,wednesday,17:00,17:30,9719af5b-81f4-42f8-be52-46f0b810ed4c
780b9b3f-2bd6-4467-9471-5d3dde141fee,ce824aa8-d374-4923-91b2-1653d1569566,course_base,monday,08:30,09:00,54e9e58c-d836-4808-827c-c13e89bb8b19
b773ae41-f092-4fe4-9ddd-9f581616d0b3,ce824aa8-d374-4923-91b2-1653d1569566,course_base,monday,09:00,09:30,54e9e58c-d836-4808-827c-c13e89bb8b19
b19f06a7-7daa-40a7-b05f-6e0f762aca20,ce824aa8-d374-4923-91b2-1653d1569566,course_base,monday,09:30,10:00,54e9e58c-d836-4808-827c-c13e89bb8b19
81f9667c-9b89-4c5d-ae70-20c0c7b3367a,ce824aa8-d374-4923-91b2-1653d1569566,course_base,monday,10:00,10:30,54e9e58c-d836-4808-827c-c13e89bb8b19
b53c6ecb-642a-485f-921b-d9c70b2fb0c0,ce824aa8-d374-4923-91b2-1653d1569566,course_base,monday,10:30,11:00,3fa9ade9-7a52-4b57-9ef9-d3a98452d94d
9cc4b7af-5d9d-469f-93a2-7791eae6713c,ce824aa8-d374-4923-91b2-1653d1569566,course_base,monday,11:00,11:30,3fa9ade9-7a52-4b57-9ef9-d3a98452d94d
4100a7fa-1ac0-44c9-bb0d-567c1173af48,ce824aa8-d374-4923-91b2-1653d1569566,course_base,monday,13:30,14:00,3fa9ade9-7a52-4b57-9ef9-d3a98452d94d
b45755d7-6b43-4118-9447-eff7297cbd6a,ce824aa8-d374-4923-91b2-1653d1569566,course_base,monday,14:00,14:30,3fa9ade9-7a52-4b57-9ef9-d3a98452d94d
d9cec138-68a5-4ea7-815d-e65cf1d76c8c,ce824aa8-d374-4923-91b2-1653d1569566,course_base,tuesday,10:30,11:00,3fa9ade9-7a52-4b57-9ef9-d3a98452d94d
f9f74fc3-a098-45d2-ae60-e2e603947d97,ce824aa8-d374-4923-91b2-1653d1569566,course_base,tuesday,11:00,11:30,3fa9ade9-7a52-4b57-9ef9-d3a98452d94d
601cb34f-b6bb-4f51-8f0a-becc8843fdf4,ce824aa8-d374-4923-91b2-1653d1569566,course_base,tuesday,12:30,13:00,3fa9ade9-7a52-4b57-9ef9-d3a98452d94d
6c4e1097-9824-478a-adcf-7e647bfe77a2,ce824aa8-d374-4923-91b2-1653d1569566,course_base,tuesday,13:00,13:30,3fa9ade9-7a52-4b57-9ef9-d3a98452d94d
77ad5ec0-519a-43c2-9f1d-4efb8ca0ff12,ce824aa8-d374-4923-91b2-1653d1569566,course_base,wednesday,08:30,09:00,54e9e58c-d836-4808-827c-c13e89bb8b19
88753b68-d769-48e1-8861-07dee25ae159,ce824aa8-d374-4923-91b2-1653d1569566,course_base,wednesday,09:00,09:30,54e9e58c-d836-4808-827c-c13e89bb8b19
1afe1ba5-4dbb-41f3-bdc7-b6e8a1f6d75f,ce824aa8-d374-4923-91b2-1653d1569566,course_base,wednesday,12:30,13:00,3fa9ade9-7a52-4b57-9ef9-d3a98452d94d
e83e8ddb-55be-4ed1-ad21-46d60cce2a8a,ce824aa8-d374-4923-91b2-1653d1569566,course_base,wednesday,13:00,13:30,3fa9ade9-7a52-4b57-9ef9-d3a98452d94d
dc0b311a-da1e-4cd7-aad1-8d094388adcd,ce824aa8-d374-4923-91b2-1653d1569566,course_base,wednesday,13:30,14:00,3fa9ade9-7a52-4b57-9ef9-d3a98452d94d
6c61d329-5224-4333-8a7c-04c5920fa7d9,ce824aa8-d374-4923-91b2-1653d1569566,course_base,wednesday,14:00,14:30,3fa9ade9-7a52-4b57-9ef9-d3a98452d94d
48b1d8c5-a79e-473e-8ff1-b49d41fd326e,ce824aa8-d374-4923-91b2-1653d1569566,course_base,thursday,08:30,09:00,685802c7-1b50-409e-aa7b-b0e8c20acdf1
614249d7-0e68-4cb1-b4f4-96dd81daccb2,ce824aa8-d374-4923-91b2-1653d1569566,course_base,thursday,09:00,09:30,685802c7-1b50-409e-aa7b-b0e8c20acdf1
5056e134-3509-449d-a5fb-ccef46938ab3,ce824aa8-d374-4923-91b2-1653d1569566,course_base,thursday,09:30,10:00,685802c7-1b50-409e-aa7b-b0e8c20acdf1
4fb6c6e4-0abd-4750-a221-3fa5ed42cecc,ce824aa8-d374-4923-91b2-1653d1569566,course_base,thursday,10:00,10:30,685802c7-1b50-409e-aa7b-b0e8c20acdf1
310caacc-b7fe-4a82-b7b2-9e7aff486ff1,ce824aa8-d374-4923-91b2-1653d1569566,course_base,friday,11:30,12:00,3fa9ade9-7a52-4b57-9ef9-d3a98452d94d
d651e429-125a-411e-b384-3725b7cf0617,ce824aa8-d374-4923-91b2-1653d1569566,course_base,friday,12:00,12:30,3fa9ade9-7a52-4b57-9ef9-d3a98452d94d
d51a5b63-ef48-4c87-96f0-1e399aeb9f54,7d667f58-153f-4743-ace5-ca2dc9b53b11,coursegroup_override,thursday,12:30,13:00,3fa9ade9-7a52-4b57-9ef9-d3a98452d94d
05f3d146-5c16-4084-9289-ed3dcce4e9cf,7d667f58-153f-4743-ace5-ca2dc9b53b11,coursegroup_override,thursday,13:00,13:30,3fa9ade9-7a52-4b57-9ef9-d3a98452d94d
b6609086-4f02-461b-839e-91d78e20e785,cb7459e9-6831-4f8e-abf5-5c9cd211687b,coursegroup_override,thursday,13:30,14:00,14f7dd87-cffc-4edd-9ef1-7c8b1a1203a1
26191665-9c18-454f-9535-4d044eaeed14,cb7459e9-6831-4f8e-abf5-5c9cd211687b,coursegroup_override,thursday,14:00,14:30,14f7dd87-cffc-4edd-9ef1-7c8b1a1203a1
6c1e627f-9d5b-44e9-8408-9eef318b0261,88fba02a-ee42-4293-b42b-14c359d1772a,course_base,monday,10:30,11:00,54e9e58c-d836-4808-827c-c13e89bb8b19
290e967a-7d75-4569-acbd-5c502271fcbf,88fba02a-ee42-4293-b42b-14c359d1772a,course_base,monday,11:00,11:30,54e9e58c-d836-4808-827c-c13e89bb8b19
c1b00467-b4f4-410b-b71a-cc82ba15b362,88fba02a-ee42-4293-b42b-14c359d1772a,course_base,tuesday,08:30,09:00,54e9e58c-d836-4808-827c-c13e89bb8b19
9b782fa9-ad3a-49d5-a4a2-64974b10f585,88fba02a-ee42-4293-b42b-14c359d1772a,course_base,tuesday,09:00,09:30,54e9e58c-d836-4808-827c-c13e89bb8b19
f996d48f-47f2-495a-8b20-e90c47f79205,88fba02a-ee42-4293-b42b-14c359d1772a,course_base,tuesday,09:30,10:00,54e9e58c-d836-4808-827c-c13e89bb8b19
0816bc33-7a25-4222-99f0-66b2adc7c5c7,88fba02a-ee42-4293-b42b-14c359d1772a,course_base,tuesday,10:00,10:30,54e9e58c-d836-4808-827c-c13e89bb8b19
ed0bd571-f688-4bc2-9cb4-7d6d9edf8cae,88fba02a-ee42-4293-b42b-14c359d1772a,course_base,tuesday,10:30,11:00,54e9e58c-d836-4808-827c-c13e89bb8b19
c2ff8453-3cc1-4558-846c-d1debd04f785,88fba02a-ee42-4293-b42b-14c359d1772a,course_base,tuesday,11:00,11:30,54e9e58c-d836-4808-827c-c13e89bb8b19
113eebfe-dc66-4bb8-b31e-466a24f4ce98,88fba02a-ee42-4293-b42b-14c359d1772a,course_base,wednesday,09:30,10:00,54e9e58c-d836-4808-827c-c13e89bb8b19
0d1ca006-ce91-42f1-b680-a3fe172df04f,88fba02a-ee42-4293-b42b-14c359d1772a,course_base,wednesday,10:00,10:30,54e9e58c-d836-4808-827c-c13e89bb8b19
ceb52934-8e7c-4059-abb7-79815015f660,88fba02a-ee42-4293-b42b-14c359d1772a,course_base,wednesday,10:30,11:00,685802c7-1b50-409e-aa7b-b0e8c20acdf1
d1de6ca7-2617-4241-b7d6-ffe5e6f24136,88fba02a-ee42-4293-b42b-14c359d1772a,course_base,wednesday,11:00,11:30,685802c7-1b50-409e-aa7b-b0e8c20acdf1
9f7b2f3e-7af2-4ca2-94ad-b1c88d3b52a2,88fba02a-ee42-4293-b42b-14c359d1772a,course_base,wednesday,11:30,12:00,685802c7-1b50-409e-aa7b-b0e8c20acdf1
9534136c-4b5d-4be4-b47a-d4cba4ca6aea,88fba02a-ee42-4293-b42b-14c359d1772a,course_base,wednesday,12:00,12:30,685802c7-1b50-409e-aa7b-b0e8c20acdf1
d1d12261-df0c-4378-86b3-3bea03b232f5,88fba02a-ee42-4293-b42b-14c359d1772a,course_base,thursday,08:30,09:00,54e9e58c-d836-4808-827c-c13e89bb8b19
17f5f78b-28ba-426b-b55a-989678ff16f0,88fba02a-ee42-4293-b42b-14c359d1772a,course_base,thursday,09:00,09:30,54e9e58c-d836-4808-827c-c13e89bb8b19
08cec3cf-c5ca-4f9d-af3f-6a6263de38f8,88fba02a-ee42-4293-b42b-14c359d1772a,course_base,friday,10:30,11:00,54e9e58c-d836-4808-827c-c13e89bb8b19
4b58fa07-0161-4d74-8b8e-5a27d3728c90,88fba02a-ee42-4293-b42b-14c359d1772a,course_base,friday,11:00,11:30,14f7dd87-cffc-4edd-9ef1-7c8b1a1203a1
7e346659-abbe-4d8b-831d-4865f0b972ad,f3bfa5a3-e19a-4745-932e-4a793e8e8cdb,course_base,monday,10:30,11:00,da933de6-7cd0-4f23-81cc-9eced7b67de9
d2a11f45-ac8b-47fa-abea-1701bc14579b,f3bfa5a3-e19a-4745-932e-4a793e8e8cdb,course_base,monday,11:00,11:30,da933de6-7cd0-4f23-81cc-9eced7b67de9
c0eec150-6e7a-4f27-9e82-68acddcea926,f3bfa5a3-e19a-4745-932e-4a793e8e8cdb,course_base,tuesday,08:30,09:00,da933de6-7cd0-4f23-81cc-9eced7b67de9
e8164a27-36da-451e-aab1-1c5f2c972e7b,f3bfa5a3-e19a-4745-932e-4a793e8e8cdb,course_base,tuesday,09:00,09:30,da933de6-7cd0-4f23-81cc-9eced7b67de9
32b3299a-7770-4a86-bc2b-81cc05b93a0c,f3bfa5a3-e19a-4745-932e-4a793e8e8cdb,course_base,tuesday,09:30,10:00,da933de6-7cd0-4f23-81cc-9eced7b67de9
f2265b52-d8d2-4d84-8892-f1fb4e80e734,f3bfa5a3-e19a-4745-932e-4a793e8e8cdb,course_base,tuesday,10:00,10:30,da933de6-7cd0-4f23-81cc-9eced7b67de9
05aa9b8f-715e-4359-8c7b-3187b2d33a82,f3bfa5a3-e19a-4745-932e-4a793e8e8cdb,course_base,wednesday,08:30,09:00,da933de6-7cd0-4f23-81cc-9eced7b67de9
92d9c243-c920-4717-9b3b-e1c5a8b4ac89,f3bfa5a3-e19a-4745-932e-4a793e8e8cdb,course_base,wednesday,09:00,09:30,da933de6-7cd0-4f23-81cc-9eced7b67de9
e65306c2-de6b-42fc-a798-cf7e51a70384,f3bfa5a3-e19a-4745-932e-4a793e8e8cdb,course_base,wednesday,09:30,10:00,da933de6-7cd0-4f23-81cc-9eced7b67de9
df0c731f-1f2b-43b4-9171-8531b3a27254,f3bfa5a3-e19a-4745-932e-4a793e8e8cdb,course_base,wednesday,10:00,10:30,da933de6-7cd0-4f23-81cc-9eced7b67de9
a5f51426-b29e-43c5-b285-9cfa9ae71e9a,f3bfa5a3-e19a-4745-932e-4a793e8e8cdb,course_base,wednesday,10:30,11:00,da000ef4-a905-4659-b1cf-00619b03281b
96ba42bc-39e5-49ba-a4fe-fe840267ac7c,f3bfa5a3-e19a-4745-932e-4a793e8e8cdb,course_base,wednesday,11:00,11:30,da000ef4-a905-4659-b1cf-00619b03281b
52f0f789-ef90-46aa-9463-079544a43fe4,f3bfa5a3-e19a-4745-932e-4a793e8e8cdb,course_base,wednesday,11:30,12:00,da000ef4-a905-4659-b1cf-00619b03281b
d0305ae6-0905-48db-b2a0-536045c30437,f3bfa5a3-e19a-4745-932e-4a793e8e8cdb,course_base,wednesday,12:00,12:30,da000ef4-a905-4659-b1cf-00619b03281b
ffb1fead-65bd-4d62-83e5-1b9d39693470,f3bfa5a3-e19a-4745-932e-4a793e8e8cdb,course_base,thursday,09:30,10:00,da933de6-7cd0-4f23-81cc-9eced7b67de9
7f0c2aff-572b-48fb-8229-86801caa1f4a,f3bfa5a3-e19a-4745-932e-4a793e8e8cdb,course_base,thursday,10:00,10:30,da933de6-7cd0-4f23-81cc-9eced7b67de9
8d5adb21-3a0f-42a4-a777-e10c752bd80b,f3bfa5a3-e19a-4745-932e-4a793e8e8cdb,course_base,friday,08:30,09:00,da933de6-7cd0-4f23-81cc-9eced7b67de9
1fa3b79e-cdcd-4c80-bfdf-81d4b4e4f506,f3bfa5a3-e19a-4745-932e-4a793e8e8cdb,course_base,friday,09:00,09:30,da933de6-7cd0-4f23-81cc-9eced7b67de9
cfb8dde4-5b11-4c38-9208-e96eaf29b1d8,f3bfa5a3-e19a-4745-932e-4a793e8e8cdb,course_base,friday,11:30,12:00,da933de6-7cd0-4f23-81cc-9eced7b67de9
5ea2788c-dc54-45ed-aa1f-a00841bf125e,f3bfa5a3-e19a-4745-932e-4a793e8e8cdb,course_base,friday,12:00,12:30,da933de6-7cd0-4f23-81cc-9eced7b67de9
