slot,day_index,susceptible,exposed,infectious,recovered,new_infections,isolated
0,0,50,10,0,0,0,0
1,0,50,10,0,0,0,0
2,0,50,10,0,0,0,0
3,0,50,10,0,0,0,0
4,0,50,10,0,0,0,0
5,0,50,10,0,0,0,0
6,0,50,10,0,0,0,0
7,0,50,10,0,0,0,0
24,1,50,10,0,0,0,0
48,2,50,10,0,0,0,0
72,3,50,10,0,0,0,0
96,4,50,0,10,0,0,0
120,5,50,0,10,0,0,0
121,5,50,0,10,0,0,0
122,5,50,0,10,0,0,0
123,5,50,0,10,0,0,0
124,5,49,1,10,0,1,0
125,5,49,1,10,0,0,0
126,5,49,1,10,0,0,0
127,5,49,1,10,0,0,0
144,6,49,1,10,0,0,0
168,7,49,1,10,0,0,0
192,8,49,1,10,0,0,0
216,9,49,1,10,0,0,0
240,10,49,0,11,0,0,0
241,10,49,0,11,0,0,0
242,10,49,0,11,0,0,0
243,10,49,0,11,0,0,0
244,10,49,0,11,0,0,0
245,10,49,0,11,0,0,0
246,10,49,0,11,0,0,0
247,10,49,0,11,0,0,0
264,11,49,0,1,10,0,0
288,12,49,0,1,10,0,0
312,13,49,0,1,10,0,0
336,14,49,0,1,10,0,0
360,15,49,0,1,10,0,0
361,15,49,0,1,10,0,0
362,15,49,0,1,10,0,0
363,15,49,0,1,10,0,0
364,15,49,0,1,10,0,0
365,15,49,0,1,10,0,0
366,15,49,0,1,10,0,0
367,15,49,0,1,10,0,0
384,16,49,0,0,11,0,0
408,17,49,0,0,11,0,0
432,18,49,0,0,11,0,0
456,19,49,0,0,11,0,0
480,20,49,0,0,11,0,0
481,20,49,0,0,11,0,0
482,20,49,0,0,11,0,0
483,20,49,0,0,11,0,0
484,20,49,0,0,11,0,0
485,20,49,0,0,11,0,0
486,20,49,0,0,11,0,0
487,20,49,0,0,11,0,0
504,21,49,0,0,11,0,0
528,22,49,0,0,11,0,0
552,23,49,0,0,11,0,0
576,24,49,0,0,11,0,0
600,25,49,0,0,11,0,0
601,25,49,0,0,11,0,0
602,25,49,0,0,11,0,0
603,25,49,0,0,11,0,0
604,25,49,0,0,11,0,0
605,25,49,0,0,11,0,0
606,25,49,0,0,11,0,0
607,25,49,0,0,11,0,0
624,26,49,0,0,11,0,0
648,27,49,0,0,11,0,0
672,28,49,0,0,11,0,0
696,29,49,0,0,11,0,0
720,30,49,0,0,11,0,0
721,30,49,0,0,11,0,0
722,30,49,0,0,11,0,0
723,30,49,0,0,11,0,0
724,30,49,0,0,11,0,0
725,30,49,0,0,11,0,0
726,30,49,0,0,11,0,0
727,30,49,0,0,11,0,0
744,31,49,0,0,11,0,0
768,32,49,0,0,11,0,0
792,33,49,0,0,11,0,0
816,34,49,0,0,11,0,0
840,35,49,0,0,11,0,0
841,35,49,0,0,11,0,0
842,35,49,0,0,11,0,0
843,35,49,0,0,11,0,0
844,35,49,0,0,11,0,0
845,35,49,0,0,11,0,0
846,35,49,0,0,11,0,0
847,35,49,0,0,11,0,0
864,36,49,0,0,11,0,0
888,37,49,0,0,11,0,0
912,38,49,0,0,11,0,0
936,39,49,0,0,11,0,0
960,40,49,0,0,11,0,0
961,40,49,0,0,11,0,0
962,40,49,0,0,11,0,0
963,40,49,0,0,11,0,0
964,40,49,0,0,11,0,0
965,40,49,0,0,11,0,0
966,40,49,0,0,11,0,0
967,40,49,0,0,11,0,0
984,41,49,0,0,11,0,0
1008,42,49,0,0,11,0,0
1032,43,49,0,0,11,0,0
1056,44,49,0,0,11,0,0
1080,45,49,0,0,11,0,0
1081,45,49,0,0,11,0,0
1082,45,49,0,0,11,0,0
1083,45,49,0,0,11,0,0
1084,45,49,0,0,11,0,0
1085,45,49,0,0,11,0,0
1086,45,49,0,0,11,0,0
1087,45,49,0,0,11,0,0
1104,46,49,0,0,11,0,0
1128,47,49,0,0,11,0,0
1152,48,49,0,0,11,0,0
1176,49,49,0,0,11,0,0
1200,50,49,0,0,11,0,0
1201,50,49,0,0,11,0,0
1202,50,49,0,0,11,0,0
1203,50,49,0,0,11,0,0
1204,50,49,0,0,11,0,0
1205,50,49,0,0,11,0,0
1206,50,49,0,0,11,0,0
1207,50,49,0,0,11,0,0
1224,51,49,0,0,11,0,0
1248,52,49,0,0,11,0,0
1272,53,49,0,0,11,0,0
1296,54,49,0,0,11,0,0
1320,55,49,0,0,11,0,0
1321,55,49,0,0,11,0,0
1322,55,49,0,0,11,0,0
1323,55,49,0,0,11,0,0
1324,55,49,0,0,11,0,0
1325,55,49,0,0,11,0,0
1326,55,49,0,0,11,0,0
1327,55,49,0,0,11,0,0
1344,56,49,0,0,11,0,0
1368,57,49,0,0,11,0,0
1392,58,49,0,0,11,0,0
1416,59,49,0,0,11,0,0
1440,60,49,0,0,11,0,0
1441,60,49,0,0,11,0,0
1442,60,49,0,0,11,0,0
1443,60,49,0,0,11,0,0
1444,60,49,0,0,11,0,0
1445,60,49,0,0,11,0,0
1446,60,49,0,0,11,0,0
1447,60,49,0,0,11,0,0
1464,61,49,0,0,11,0,0
1488,62,49,0,0,11,0,0
1512,63,49,0,0,11,0,0
1536,64,49,0,0,11,0,0
1560,65,49,0,0,11,0,0
1561,65,49,0,0,11,0,0
1562,65,49,0,0,11,0,0
1563,65,49,0,0,11,0,0
1564,65,49,0,0,11,0,0
1565,65,49,0,0,11,0,0
1566,65,49,0,0,11,0,0
1567,65,49,0,0,11,0,0
1584,66,49,0,0,11,0,0
1608,67,49,0,0,11,0,0
1632,68,49,0,0,11,0,0
1656,69,49,0,0,11,0,0
1680,70,49,0,0,11,0,0
1681,70,49,0,0,11,0,0
1682,70,49,0,0,11,0,0
1683,70,49,0,0,11,0,0
1684,70,49,0,0,11,0,0
1685,70,49,0,0,11,0,0
1686,70,49,0,0,11,0,0
1687,70,49,0,0,11,0,0
1704,71,49,0,0,11,0,0
1728,72,49,0,0,11,0,0
1752,73,49,0,0,11,0,0
1776,74,49,0,0,11,0,0
1800,75,49,0,0,11,0,0
1801,75,49,0,0,11,0,0
1802,75,49,0,0,11,0,0
1803,75,49,0,0,11,0,0
1804,75,49,0,0,11,0,0
1805,75,49,0,0,11,0,0
1806,75,49,0,0,11,0,0
1807,75,49,0,0,11,0,0
1824,76,49,0,0,11,0,0
1848,77,49,0,0,11,0,0
1872,78,49,0,0,11,0,0
1896,79,49,0,0,11,0,0
1920,80,49,0,0,11,0,0
1921,80,49,0,0,11,0,0
1922,80,49,0,0,11,0,0
1923,80,49,0,0,11,0,0
1924,80,49,0,0,11,0,0
1925,80,49,0,0,11,0,0
1926,80,49,0,0,11,0,0
1927,80,49,0,0,11,0,0
1944,81,49,0,0,11,0,0
1968,82,49,0,0,11,0,0
1992,83,49,0,0,11,0,0
2016,84,49,0,0,11,0,0
2040,85,49,0,0,11,0,0
2041,85,49,0,0,11,0,0
2042,85,49,0,0,11,0,0
2043,85,49,0,0,11,0,0
2044,85,49,0,0,11,0,0
2045,85,49,0,0,11,0,0
2046,85,49,0,0,11,0,0
2047,85,49,0,0,11,0,0
2064,86,49,0,0,11,0,0
2088,87,49,0,0,11,0,0
2112,88,49,0,0,11,0,0
2136,89,49,0,0,11,0,0
2160,90,49,0,0,11,0,0
2161,90,49,0,0,11,0,0
2162,90,49,0,0,11,0,0
2163,90,49,0,0,11,0,0
2164,90,49,0,0,11,0,0
2165,90,49,0,0,11,0,0
2166,90,49,0,0,11,0,0
2167,90,49,0,0,11,0,0
2184,91,49,0,0,11,0,0
2208,92,49,0,0,11,0,0
2232,93,49,0,0,11,0,0
2256,94,49,0,0,11,0,0
2280,95,49,0,0,11,0,0
2281,95,49,0,0,11,0,0
2282,95,49,0,0,11,0,0
2283,95,49,0,0,11,0,0
2284,95,49,0,0,11,0,0
2285,95,49,0,0,11,0,0
2286,95,49,0,0,11,0,0
2287,95,49,0,0,11,0,0
2304,96,49,0,0,11,0,0
2328,97,49,0,0,11,0,0
2352,98,49,0,0,11,0,0
2376,99,49,0,0,11,0,0
2400,100,49,0,0,11,0,0
2401,100,49,0,0,11,0,0
2402,100,49,0,0,11,0,0
2403,100,49,0,0,11,0,0
2404,100,49,0,0,11,0,0
2405,100,49,0,0,11,0,0
2406,100,49,0,0,11,0,0
2407,100,49,0,0,11,0,0
2424,101,49,0,0,11,0,0
2448,102,49,0,0,11,0,0
2472,103,49,0,0,11,0,0
2496,104,49,0,0,11,0,0
2520,105,49,0,0,11,0,0
2521,105,49,0,0,11,0,0
2522,105,49,0,0,11,0,0
2523,105,49,0,0,11,0,0
2524,105,49,0,0,11,0,0
2525,105,49,0,0,11,0,0
2526,105,49,0,0,11,0,0
2527,105,49,0,0,11,0,0
2544,106,49,0,0,11,0,0
2568,107,49,0,0,11,0,0
2592,108,49,0,0,11,0,0
2616,109,49,0,0,11,0,0
2640,110,49,0,0,11,0,0
2641,110,49,0,0,11,0,0
2642,110,49,0,0,11,0,0
2643,110,49,0,0,11,0,0
2644,110,49,0,0,11,0,0
2645,110,49,0,0,11,0,0
2646,110,49,0,0,11,0,0
2647,110,49,0,0,11,0,0
2664,111,49,0,0,11,0,0
2688,112,49,0,0,11,0,0
2712,113,49,0,0,11,0,0
2736,114,49,0,0,11,0,0
2760,115,49,0,0,11,0,0
2761,115,49,0,0,11,0,0
2762,115,49,0,0,11,0,0
2763,115,49,0,0,11,0,0
2764,115,49,0,0,11,0,0
2765,115,49,0,0,11,0,0
2766,115,49,0,0,11,0,0
2767,115,49,0,0,11,0,0
2784,116,49,0,0,11,0,0
2808,117,49,0,0,11,0,0
2832,118,49,0,0,11,0,0
2856,119,49,0,0,11,0,0
2880,120,49,0,0,11,0,0
2881,120,49,0,0,11,0,0
2882,120,49,0,0,11,0,0
2883,120,49,0,0,11,0,0
2884,120,49,0,0,11,0,0
2885,120,49,0,0,11,0,0
2886,120,49,0,0,11,0,0
2887,120,49,0,0,11,0,0
2904,121,49,0,0,11,0,0
2928,122,49,0,0,11,0,0
2952,123,49,0,0,11,0,0
2976,124,49,0,0,11,0,0
3000,125,49,0,0,11,0,0
3001,125,49,0,0,11,0,0
3002,125,49,0,0,11,0,0
3003,125,49,0,0,11,0,0
3004,125,49,0,0,11,0,0
3005,125,49,0,0,11,0,0
3006,125,49,0,0,11,0,0
3007,125,49,0,0,11,0,0
3024,126,49,0,0,11,0,0
3048,127,49,0,0,11,0,0
3072,128,49,0,0,11,0,0
3096,129,49,0,0,11,0,0
3120,130,49,0,0,11,0,0
3121,130,49,0,0,11,0,0
3122,130,49,0,0,11,0,0
3123,130,49,0,0,11,0,0
3124,130,49,0,0,11,0,0
3125,130,49,0,0,11,0,0
3126,130,49,0,0,11,0,0
3127,130,49,0,0,11,0,0
3144,131,49,0,0,11,0,0
3168,132,49,0,0,11,0,0
3192,133,49,0,0,11,0,0
3216,134,49,0,0,11,0,0
3240,135,49,0,0,11,0,0
3241,135,49,0,0,11,0,0
3242,135,49,0,0,11,0,0
3243,135,49,0,0,11,0,0
3244,135,49,0,0,11,0,0
3245,135,49,0,0,11,0,0
3246,135,49,0,0,11,0,0
3247,135,49,0,0,11,0,0
3264,136,49,0,0,11,0,0
3288,137,49,0,0,11,0,0
3312,138,49,0,0,11,0,0
3336,139,49,0,0,11,0,0
3360,140,49,0,0,11,0,0
3361,140,49,0,0,11,0,0
3362,140,49,0,0,11,0,0
3363,140,49,0,0,11,0,0
3364,140,49,0,0,11,0,0
3365,140,49,0,0,11,0,0
3366,140,49,0,0,11,0,0
3367,140,49,0,0,11,0,0
3384,141,49,0,0,11,0,0
3408,142,49,0,0,11,0,0
3432,143,49,0,0,11,0,0
3456,144,49,0,0,11,0,0
3480,145,49,0,0,11,0,0
3481,145,49,0,0,11,0,0
3482,145,49,0,0,11,0,0
3483,145,49,0,0,11,0,0
3484,145,49,0,0,11,0,0
3485,145,49,0,0,11,0,0
3486,145,49,0,0,11,0,0
3487,145,49,0,0,11,0,0
3504,146,49,0,0,11,0,0
3528,147,49,0,0,11,0,0
3552,148,49,0,0,11,0,0
3576,149,49,0,0,11,0,0
3600,150,49,0,0,11,0,0
3601,150,49,0,0,11,0,0
3602,150,49,0,0,11,0,0
3603,150,49,0,0,11,0,0
3604,150,49,0,0,11,0,0
3605,150,49,0,0,11,0,0
3606,150,49,0,0,11,0,0
3607,150,49,0,0,11,0,0
3624,151,49,0,0,11,0,0
3648,152,49,0,0,11,0,0
3672,153,49,0,0,11,0,0
3696,154,49,0,0,11,0,0
3720,155,49,0,0,11,0,0
3721,155,49,0,0,11,0,0
3722,155,49,0,0,11,0,0
3723,155,49,0,0,11,0,0
3724,155,49,0,0,11,0,0
3725,155,49,0,0,11,0,0
3726,155,49,0,0,11,0,0
3727,155,49,0,0,11,0,0
3744,156,49,0,0,11,0,0
3768,157,49,0,0,11,0,0
3792,158,49,0,0,11,0,0
3816,159,49,0,0,11,0,0
3840,160,49,0,0,11,0,0
3841,160,49,0,0,11,0,0
3842,160,49,0,0,11,0,0
3843,160,49,0,0,11,0,0
3844,160,49,0,0,11,0,0
3845,160,49,0,0,11,0,0
3846,160,49,0,0,11,0,0
3847,160,49,0,0,11,0,0
3864,161,49,0,0,11,0,0
3888,162,49,0,0,11,0,0
3912,163,49,0,0,11,0,0
3936,164,49,0,0,11,0,0
3960,165,49,0,0,11,0,0
3961,165,49,0,0,11,0,0
3962,165,49,0,0,11,0,0
3963,165,49,0,0,11,0,0
3964,165,49,0,0,11,0,0
3965,165,49,0,0,11,0,0
3966,165,49,0,0,11,0,0
3967,165,49,0,0,11,0,0
3984,166,49,0,0,11,0,0
4008,167,49,0,0,11,0,0
4032,168,49,0,0,11,0,0
4056,169,49,0,0,11,0,0
4080,170,49,0,0,11,0,0
4081,170,49,0,0,11,0,0
4082,170,49,0,0,11,0,0
4083,170,49,0,0,11,0,0
4084,170,49,0,0,11,0,0
4085,170,49,0,0,11,0,0
4086,170,49,0,0,11,0,0
4087,170,49,0,0,11,0,0
4104,171,49,0,0,11,0,0
4128,172,49,0,0,11,0,0
4152,173,49,0,0,11,0,0
4176,174,49,0,0,11,0,0
4200,175,49,0,0,11,0,0
4201,175,49,0,0,11,0,0
4202,175,49,0,0,11,0,0
4203,175,49,0,0,11,0,0
4204,175,49,0,0,11,0,0
4205,175,49,0,0,11,0,0
4206,175,49,0,0,11,0,0
4207,175,49,0,0,11,0,0
4224,176,49,0,0,11,0,0
4248,177,49,0,0,11,0,0
4272,178,49,0,0,11,0,0
4296,179,49,0,0,11,0,0
4320,180,49,0,0,11,0,0
4321,180,49,0,0,11,0,0
4322,180,49,0,0,11,0,0
4323,180,49,0,0,11,0,0
4324,180,49,0,0,11,0,0
4325,180,49,0,0,11,0,0
4326,180,49,0,0,11,0,0
4327,180,49,0,0,11,0,0
4344,181,49,0,0,11,0,0
4368,182,49,0,0,11,0,0
4392,183,49,0,0,11,0,0
4416,184,49,0,0,11,0,0
4440,185,49,0,0,11,0,0
4441,185,49,0,0,11,0,0
4442,185,49,0,0,11,0,0
4443,185,49,0,0,11,0,0
4444,185,49,0,0,11,0,0
4445,185,49,0,0,11,0,0
4446,185,49,0,0,11,0,0
4447,185,49,0,0,11,0,0
4464,186,49,0,0,11,0,0
4488,187,49,0,0,11,0,0
4512,188,49,0,0,11,0,0
4536,189,49,0,0,11,0,0
4560,190,49,0,0,11,0,0
4561,190,49,0,0,11,0,0
4562,190,49,0,0,11,0,0
4563,190,49,0,0,11,0,0
4564,190,49,0,0,11,0,0
4565,190,49,0,0,11,0,0
4566,190,49,0,0,11,0,0
4567,190,49,0,0,11,0,0
4584,191,49,0,0,11,0,0
4608,192,49,0,0,11,0,0
4632,193,49,0,0,11,0,0
4656,194,49,0,0,11,0,0
4680,195,49,0,0,11,0,0
4681,195,49,0,0,11,0,0
4682,195,49,0,0,11,0,0
4683,195,49,0,0,11,0,0
4684,195,49,0,0,11,0,0
4685,195,49,0,0,11,0,0
4686,195,49,0,0,11,0,0
4687,195,49,0,0,11,0,0
4704,196,49,0,0,11,0,0
4728,197,49,0,0,11,0,0
4752,198,49,0,0,11,0,0
4776,199,49,0,0,11,0,0
4800,200,49,0,0,11,0,0
4801,200,49,0,0,11,0,0
4802,200,49,0,0,11,0,0
4803,200,49,0,0,11,0,0
4804,200,49,0,0,11,0,0
4805,200,49,0,0,11,0,0
4806,200,49,0,0,11,0,0
4807,200,49,0,0,11,0,0
4824,201,49,0,0,11,0,0
4848,202,49,0,0,11,0,0
4872,203,49,0,0,11,0,0
4896,204,49,0,0,11,0,0
4920,205,49,0,0,11,0,0
4921,205,49,0,0,11,0,0
4922,205,49,0,0,11,0,0
4923,205,49,0,0,11,0,0
4924,205,49,0,0,11,0,0
4925,205,49,0,0,11,0,0
4926,205,49,0,0,11,0,0
4927,205,49,0,0,11,0,0
4944,206,49,0,0,11,0,0
4968,207,49,0,0,11,0,0
4992,208,49,0,0,11,0,0
5016,209,49,0,0,11,0,0
5040,210,49,0,0,11,0,0
5041,210,49,0,0,11,0,0
5042,210,49,0,0,11,0,0
5043,210,49,0,0,11,0,0
5044,210,49,0,0,11,0,0
5045,210,49,0,0,11,0,0
5046,210,49,0,0,11,0,0
5047,210,49,0,0,11,0,0
5064,211,49,0,0,11,0,0
5088,212,49,0,0,11,0,0
5112,213,49,0,0,11,0,0
5136,214,49,0,0,11,0,0
5160,215,49,0,0,11,0,0
5161,215,49,0,0,11,0,0
5162,215,49,0,0,11,0,0
5163,215,49,0,0,11,0,0
5164,215,49,0,0,11,0,0
5165,215,49,0,0,11,0,0
5166,215,49,0,0,11,0,0
5167,215,49,0,0,11,0,0
5184,216,49,0,0,11,0,0
5208,217,49,0,0,11,0,0
5232,218,49,0,0,11,0,0
5256,219,49,0,0,11,0,0
5280,220,49,0,0,11,0,0
5281,220,49,0,0,11,0,0
5282,220,49,0,0,11,0,0
5283,220,49,0,0,11,0,0
5284,220,49,0,0,11,0,0
5285,220,49,0,0,11,0,0
5286,220,49,0,0,11,0,0
5287,220,49,0,0,11,0,0
5304,221,49,0,0,11,0,0
5328,222,49,0,0,11,0,0
5352,223,49,0,0,11,0,0
5376,224,49,0,0,11,0,0
5400,225,49,0,0,11,0,0
5401,225,49,0,0,11,0,0
5402,225,49,0,0,11,0,0
5403,225,49,0,0,11,0,0
5404,225,49,0,0,11,0,0
5405,225,49,0,0,11,0,0
5406,225,49,0,0,11,0,0
5407,225,49,0,0,11,0,0
5424,226,49,0,0,11,0,0
5448,227,49,0,0,11,0,0
5472,228,49,0,0,11,0,0
5496,229,49,0,0,11,0,0
5520,230,49,0,0,11,0,0
5521,230,49,0,0,11,0,0
5522,230,49,0,0,11,0,0
5523,230,49,0,0,11,0,0
5524,230,49,0,0,11,0,0
5525,230,49,0,0,11,0,0
5526,230,49,0,0,11,0,0
5527,230,49,0,0,11,0,0
5544,231,49,0,0,11,0,0
5568,232,49,0,0,11,0,0
5592,233,49,0,0,11,0,0
5616,234,49,0,0,11,0,0
5640,235,49,0,0,11,0,0
5641,235,49,0,0,11,0,0
5642,235,49,0,0,11,0,0
5643,235,49,0,0,11,0,0
5644,235,49,0,0,11,0,0
5645,235,49,0,0,11,0,0
5646,235,49,0,0,11,0,0
5647,235,49,0,0,11,0,0
5664,236,49,0,0,11,0,0
5688,237,49,0,0,11,0,0
5712,238,49,0,0,11,0,0
5736,239,49,0,0,11,0,0
5760,240,49,0,0,11,0,0
5761,240,49,0,0,11,0,0
5762,240,49,0,0,11,0,0
5763,240,49,0,0,11,0,0
5764,240,49,0,0,11,0,0
5765,240,49,0,0,11,0,0
5766,240,49,0,0,11,0,0
5767,240,49,0,0,11,0,0
5784,241,49,0,0,11,0,0
5808,242,49,0,0,11,0,0
5832,243,49,0,0,11,0,0
5856,244,49,0,0,11,0,0
5880,245,49,0,0,11,0,0
5881,245,49,0,0,11,0,0
5882,245,49,0,0,11,0,0
5883,245,49,0,0,11,0,0
5884,245,49,0,0,11,0,0
5885,245,49,0,0,11,0,0
5886,245,49,0,0,11,0,0
5887,245,49,0,0,11,0,0
5904,246,49,0,0,11,0,0
5928,247,49,0,0,11,0,0
5952,248,49,0,0,11,0,0
5976,249,49,0,0,11,0,0
6000,250,49,0,0,11,0,0
6001,250,49,0,0,11,0,0
6002,250,49,0,0,11,0,0
6003,250,49,0,0,11,0,0
6004,250,49,0,0,11,0,0
6005,250,49,0,0,11,0,0
6006,250,49,0,0,11,0,0
6007,250,49,0,0,11,0,0
6024,251,49,0,0,11,0,0
6048,252,49,0,0,11,0,0
6072,253,49,0,0,11,0,0
6096,254,49,0,0,11,0,0
6120,255,49,0,0,11,0,0
6121,255,49,0,0,11,0,0
6122,255,49,0,0,11,0,0
6123,255,49,0,0,11,0,0
6124,255,49,0,0,11,0,0
6125,255,49,0,0,11,0,0
6126,255,49,0,0,11,0,0
6127,255,49,0,0,11,0,0
6144,256,49,0,0,11,0,0
6168,257,49,0,0,11,0,0
6192,258,49,0,0,11,0,0
6216,259,49,0,0,11,0,0
6240,260,49,0,0,11,0,0
6241,260,49,0,0,11,0,0
6242,260,49,0,0,11,0,0
6243,260,49,0,0,11,0,0
6244,260,49,0,0,11,0,0
6245,260,49,0,0,11,0,0
6246,260,49,0,0,11,0,0
6247,260,49,0,0,11,0,0
6264,261,49,0,0,11,0,0
6288,262,49,0,0,11,0,0
6312,263,49,0,0,11,0,0
6336,264,49,0,0,11,0,0
6360,265,49,0,0,11,0,0
6361,265,49,0,0,11,0,0
6362,265,49,0,0,11,0,0
6363,265,49,0,0,11,0,0
6364,265,49,0,0,11,0,0
6365,265,49,0,0,11,0,0
6366,265,49,0,0,11,0,0
6367,265,49,0,0,11,0,0
6384,266,49,0,0,11,0,0
6408,267,49,0,0,11,0,0
6432,268,49,0,0,11,0,0
6456,269,49,0,0,11,0,0
6480,270,49,0,0,11,0,0
6481,270,49,0,0,11,0,0
6482,270,49,0,0,11,0,0
6483,270,49,0,0,11,0,0
6484,270,49,0,0,11,0,0
6485,270,49,0,0,11,0,0
6486,270,49,0,0,11,0,0
6487,270,49,0,0,11,0,0
6504,271,49,0,0,11,0,0
6528,272,49,0,0,11,0,0
6552,273,49,0,0,11,0,0
6576,274,49,0,0,11,0,0
6600,275,49,0,0,11,0,0
6601,275,49,0,0,11,0,0
6602,275,49,0,0,11,0,0
6603,275,49,0,0,11,0,0
6604,275,49,0,0,11,0,0
6605,275,49,0,0,11,0,0
6606,275,49,0,0,11,0,0
6607,275,49,0,0,11,0,0
6624,276,49,0,0,11,0,0
6648,277,49,0,0,11,0,0
6672,278,49,0,0,11,0,0
6696,279,49,0,0,11,0,0
6720,280,49,0,0,11,0,0
6721,280,49,0,0,11,0,0
6722,280,49,0,0,11,0,0
6723,280,49,0,0,11,0,0
6724,280,49,0,0,11,0,0
6725,280,49,0,0,11,0,0
6726,280,49,0,0,11,0,0
6727,280,49,0,0,11,0,0
6744,281,49,0,0,11,0,0
6768,282,49,0,0,11,0,0
6792,283,49,0,0,11,0,0
6816,284,49,0,0,11,0,0
6840,285,49,0,0,11,0,0
6841,285,49,0,0,11,0,0
6842,285,49,0,0,11,0,0
6843,285,49,0,0,11,0,0
6844,285,49,0,0,11,0,0
6845,285,49,0,0,11,0,0
6846,285,49,0,0,11,0,0
6847,285,49,0,0,11,0,0
6864,286,49,0,0,11,0,0
6888,287,49,0,0,11,0,0
6912,288,49,0,0,11,0,0
6936,289,49,0,0,11,0,0
6960,290,49,0,0,11,0,0
6961,290,49,0,0,11,0,0
6962,290,49,0,0,11,0,0
6963,290,49,0,0,11,0,0
6964,290,49,0,0,11,0,0
6965,290,49,0,0,11,0,0
6966,290,49,0,0,11,0,0
6967,290,49,0,0,11,0,0
6984,291,49,0,0,11,0,0
7008,292,49,0,0,11,0,0
7032,293,49,0,0,11,0,0
7056,294,49,0,0,11,0,0
7080,295,49,0,0,11,0,0
7081,295,49,0,0,11,0,0
7082,295,49,0,0,11,0,0
7083,295,49,0,0,11,0,0
7084,295,49,0,0,11,0,0
7085,295,49,0,0,11,0,0
7086,295,49,0,0,11,0,0
7087,295,49,0,0,11,0,0
7104,296,49,0,0,11,0,0
7128,297,49,0,0,11,0,0
7152,298,49,0,0,11,0,0
7176,299,49,0,0,11,0,0
7200,300,49,0,0,11,0,0
7201,300,49,0,0,11,0,0
7202,300,49,0,0,11,0,0
7203,300,49,0,0,11,0,0
7204,300,49,0,0,11,0,0
7205,300,49,0,0,11,0,0
7206,300,49,0,0,11,0,0
7207,300,49,0,0,11,0,0
7224,301,49,0,0,11,0,0
7248,302,49,0,0,11,0,0
7272,303,49,0,0,11,0,0
7296,304,49,0,0,11,0,0
7320,305,49,0,0,11,0,0
7321,305,49,0,0,11,0,0
7322,305,49,0,0,11,0,0
7323,305,49,0,0,11,0,0
7324,305,49,0,0,11,0,0
7325,305,49,0,0,11,0,0
7326,305,49,0,0,11,0,0
7327,305,49,0,0,11,0,0
7344,306,49,0,0,11,0,0
7368,307,49,0,0,11,0,0
7392,308,49,0,0,11,0,0
7416,309,49,0,0,11,0,0
7440,310,49,0,0,11,0,0
7441,310,49,0,0,11,0,0
7442,310,49,0,0,11,0,0
7443,310,49,0,0,11,0,0
7444,310,49,0,0,11,0,0
7445,310,49,0,0,11,0,0
7446,310,49,0,0,11,0,0
7447,310,49,0,0,11,0,0
7464,311,49,0,0,11,0,0
7488,312,49,0,0,11,0,0
7512,313,49,0,0,11,0,0
7536,314,49,0,0,11,0,0
7560,315,49,0,0,11,0,0
7561,315,49,0,0,11,0,0
7562,315,49,0,0,11,0,0
7563,315,49,0,0,11,0,0
7564,315,49,0,0,11,0,0
7565,315,49,0,0,11,0,0
7566,315,49,0,0,11,0,0
7567,315,49,0,0,11,0,0
7584,316,49,0,0,11,0,0
7608,317,49,0,0,11,0,0
7632,318,49,0,0,11,0,0
7656,319,49,0,0,11,0,0
7680,320,49,0,0,11,0,0
7681,320,49,0,0,11,0,0
7682,320,49,0,0,11,0,0
7683,320,49,0,0,11,0,0
7684,320,49,0,0,11,0,0
7685,320,49,0,0,11,0,0
7686,320,49,0,0,11,0,0
7687,320,49,0,0,11,0,0
7704,321,49,0,0,11,0,0
7728,322,49,0,0,11,0,0
7752,323,49,0,0,11,0,0
7776,324,49,0,0,11,0,0
7800,325,49,0,0,11,0,0
7801,325,49,0,0,11,0,0
7802,325,49,0,0,11,0,0
7803,325,49,0,0,11,0,0
7804,325,49,0,0,11,0,0
7805,325,49,0,0,11,0,0
7806,325,49,0,0,11,0,0
7807,325,49,0,0,11,0,0
7824,326,49,0,0,11,0,0
7848,327,49,0,0,11,0,0
7872,328,49,0,0,11,0,0
7896,329,49,0,0,11,0,0
7920,330,49,0,0,11,0,0
7921,330,49,0,0,11,0,0
7922,330,49,0,0,11,0,0
7923,330,49,0,0,11,0,0
7924,330,49,0,0,11,0,0
7925,330,49,0,0,11,0,0
7926,330,49,0,0,11,0,0
7927,330,49,0,0,11,0,0
7944,331,49,0,0,11,0,0
7968,332,49,0,0,11,0,0
7992,333,49,0,0,11,0,0
8016,334,49,0,0,11,0,0
8040,335,49,0,0,11,0,0
8041,335,49,0,0,11,0,0
8042,335,49,0,0,11,0,0
8043,335,49,0,0,11,0,0
8044,335,49,0,0,11,0,0
8045,335,49,0,0,11,0,0
8046,335,49,0,0,11,0,0
8047,335,49,0,0,11,0,0
8064,336,49,0,0,11,0,0
8088,337,49,0,0,11,0,0
8112,338,49,0,0,11,0,0
8136,339,49,0,0,11,0,0
8160,340,49,0,0,11,0,0
8161,340,49,0,0,11,0,0
8162,340,49,0,0,11,0,0
8163,340,49,0,0,11,0,0
8164,340,49,0,0,11,0,0
8165,340,49,0,0,11,0,0
8166,340,49,0,0,11,0,0
8167,340,49,0,0,11,0,0
8184,341,49,0,0,11,0,0
8208,342,49,0,0,11,0,0
8232,343,49,0,0,11,0,0
8256,344,49,0,0,11,0,0
8280,345,49,0,0,11,0,0
8281,345,49,0,0,11,0,0
8282,345,49,0,0,11,0,0
8283,345,49,0,0,11,0,0
8284,345,49,0,0,11,0,0
8285,345,49,0,0,11,0,0
8286,345,49,0,0,11,0,0
8287,345,49,0,0,11,0,0
8304,346,49,0,0,11,0,0
8328,347,49,0,0,11,0,0
8352,348,49,0,0,11,0,0
8376,349,49,0,0,11,0,0
8400,350,49,0,0,11,0,0
8401,350,49,0,0,11,0,0
8402,350,49,0,0,11,0,0
8403,350,49,0,0,11,0,0
8404,350,49,0,0,11,0,0
8405,350,49,0,0,11,0,0
8406,350,49,0,0,11,0,0
8407,350,49,0,0,11,0,0
8424,351,49,0,0,11,0,0
8448,352,49,0,0,11,0,0
8472,353,49,0,0,11,0,0
8496,354,49,0,0,11,0,0
8520,355,49,0,0,11,0,0
8521,355,49,0,0,11,0,0
8522,355,49,0,0,11,0,0
8523,355,49,0,0,11,0,0
8524,355,49,0,0,11,0,0
8525,355,49,0,0,11,0,0
8526,355,49,0,0,11,0,0
8527,355,49,0,0,11,0,0
8544,356,49,0,0,11,0,0
8568,357,49,0,0,11,0,0
8592,358,49,0,0,11,0,0
8616,359,49,0,0,11,0,0
8640,360,49,0,0,11,0,0
8641,360,49,0,0,11,0,0
8642,360,49,0,0,11,0,0
8643,360,49,0,0,11,0,0
8644,360,49,0,0,11,0,0
8645,360,49,0,0,11,0,0
8646,360,49,0,0,11,0,0
8647,360,49,0,0,11,0,0
8664,361,49,0,0,11,0,0
8688,362,49,0,0,11,0,0
8712,363,49,0,0,11,0,0
8736,364,49,0,0,11,0,0
8760,365,49,0,0,11,0,0
